engine	hypothesis	file	text
gigaam_v3	H0_base	spk1_001.wav	Да.
gigaam_v3	H1_prompt	spk1_001.wav	Да.
gigaam_v3	H2_loud8db	spk1_001.wav	Да.
gigaam_v3	H3_trim	spk1_001.wav	Да.
gigaam_v3	H4_loudtrim+prompt	spk1_001.wav	Да.
gigaam_v3	H0_base	spk1_002.wav	Хорошо.
gigaam_v3	H1_prompt	spk1_002.wav	Хорошо.
gigaam_v3	H2_loud8db	spk1_002.wav	Хорошо.
gigaam_v3	H3_trim	spk1_002.wav	Хорошо.
gigaam_v3	H4_loudtrim+prompt	spk1_002.wav	Хорошо.
gigaam_v3	H0_base	spk1_003.wav	Хорошо.
gigaam_v3	H1_prompt	spk1_003.wav	Хорошо.
gigaam_v3	H2_loud8db	spk1_003.wav	Хорошо.
gigaam_v3	H3_trim	spk1_003.wav	Хорошо.
gigaam_v3	H4_loudtrim+prompt	spk1_003.wav	Хорошо.
gigaam_v3	H0_base	spk1_004.wav	Согласна.
gigaam_v3	H1_prompt	spk1_004.wav	Согласна.
gigaam_v3	H2_loud8db	spk1_004.wav	Согласна.
gigaam_v3	H3_trim	spk1_004.wav	Согласна.
gigaam_v3	H4_loudtrim+prompt	spk1_004.wav	Согласна.
gigaam_v3	H0_base	spk2_001.wav	Да.
gigaam_v3	H1_prompt	spk2_001.wav	Да.
gigaam_v3	H2_loud8db	spk2_001.wav	Да.
gigaam_v3	H3_trim	spk2_001.wav	Да.
gigaam_v3	H4_loudtrim+prompt	spk2_001.wav	Да.
gigaam_v3	H0_base	spk2_002.wav	Да.
gigaam_v3	H1_prompt	spk2_002.wav	Да.
gigaam_v3	H2_loud8db	spk2_002.wav	Да.
gigaam_v3	H3_trim	spk2_002.wav	Да.
gigaam_v3	H4_loudtrim+prompt	spk2_002.wav	Да.
gigaam_v3	H0_base	spk3_001.wav	Да.
gigaam_v3	H1_prompt	spk3_001.wav	Да.
gigaam_v3	H2_loud8db	spk3_001.wav	Да.
gigaam_v3	H3_trim	spk3_001.wav	Да.
gigaam_v3	H4_loudtrim+prompt	spk3_001.wav	Да.
gigaam_v3	H0_base	spk3_002.wav	Хорошо.
gigaam_v3	H1_prompt	spk3_002.wav	Хорошо.
gigaam_v3	H2_loud8db	spk3_002.wav	Хорошо.
gigaam_v3	H3_trim	spk3_002.wav	Хорошо.
gigaam_v3	H4_loudtrim+prompt	spk3_002.wav	Хорошо.
gigaam_v3	H0_base	spk3_003.wav	Согласен.
gigaam_v3	H1_prompt	spk3_003.wav	Согласен.
gigaam_v3	H2_loud8db	spk3_003.wav	Согласен.
gigaam_v3	H3_trim	spk3_003.wav	Согласен
gigaam_v3	H4_loudtrim+prompt	spk3_003.wav	Согласен
gigaam_v3	H0_base	spk3_004.wav	Да.
gigaam_v3	H1_prompt	spk3_004.wav	Да.
gigaam_v3	H2_loud8db	spk3_004.wav	Да.
gigaam_v3	H3_trim	spk3_004.wav	А
gigaam_v3	H4_loudtrim+prompt	spk3_004.wav	А
