# silero_lang=en (public STT has no ru; metrics not RU-quality)
# whisper_small=faster-whisper
# gigaam_v3=local /home/vikingi/VikingiAll/models/gigaam-v3
engine	hypothesis	file	text
whisper_small	H0_base	spk1_001.wav	Да.
silero_en_not_ru	H0_base	spk1_001.wav	d
whisper_small	H1_prompt	spk1_001.wav	Да.
silero_en_not_ru	H1_prompt	spk1_001.wav	d
whisper_small	H2_loud8db	spk1_001.wav	Да.
silero_en_not_ru	H2_loud8db	spk1_001.wav	d
whisper_small	H3_trim	spk1_001.wav	да
silero_en_not_ru	H3_trim	spk1_001.wav	d
whisper_small	H4_loudtrim+prompt	spk1_001.wav	да
silero_en_not_ru	H4_loudtrim+prompt	spk1_001.wav	d
whisper_small	H0_base	spk1_002.wav	Прошу.
silero_en_not_ru	H0_base	spk1_002.wav	
whisper_small	H1_prompt	spk1_002.wav	Прошу.
silero_en_not_ru	H1_prompt	spk1_002.wav	
whisper_small	H2_loud8db	spk1_002.wav	Прошу.
silero_en_not_ru	H2_loud8db	spk1_002.wav	
whisper_small	H3_trim	spk1_002.wav	Спасибо большое.
silero_en_not_ru	H3_trim	spk1_002.wav	
whisper_small	H4_loudtrim+prompt	spk1_002.wav	Спасибо большое.
silero_en_not_ru	H4_loudtrim+prompt	spk1_002.wav	
whisper_small	H0_base	spk1_003.wav	Хорошо.
silero_en_not_ru	H0_base	spk1_003.wav	andi sure
whisper_small	H1_prompt	spk1_003.wav	Хорошо.
silero_en_not_ru	H1_prompt	spk1_003.wav	andi sure
whisper_small	H2_loud8db	spk1_003.wav	Хорошо.
silero_en_not_ru	H2_loud8db	spk1_003.wav	andi sure
whisper_small	H3_trim	spk1_003.wav	Хорошо.
silero_en_not_ru	H3_trim	spk1_003.wav	us
whisper_small	H4_loudtrim+prompt	spk1_003.wav	Хорошо.
silero_en_not_ru	H4_loudtrim+prompt	spk1_003.wav	us
whisper_small	H0_base	spk1_004.wav	Согласна.
silero_en_not_ru	H0_base	spk1_004.wav	sagoasna
whisper_small	H1_prompt	spk1_004.wav	Согласна.
silero_en_not_ru	H1_prompt	spk1_004.wav	sagoasna
whisper_small	H2_loud8db	spk1_004.wav	Согласна.
silero_en_not_ru	H2_loud8db	spk1_004.wav	sagoasna
whisper_small	H3_trim	spk1_004.wav	Ага, согласна.
silero_en_not_ru	H3_trim	spk1_004.wav	i go up
whisper_small	H4_loudtrim+prompt	spk1_004.wav	Согласна.
silero_en_not_ru	H4_loudtrim+prompt	spk1_004.wav	i go up
whisper_small	H0_base	spk2_001.wav	Да.
silero_en_not_ru	H0_base	spk2_001.wav	now
whisper_small	H1_prompt	spk2_001.wav	Да.
silero_en_not_ru	H1_prompt	spk2_001.wav	now
whisper_small	H2_loud8db	spk2_001.wav	Да.
silero_en_not_ru	H2_loud8db	spk2_001.wav	now
whisper_small	H3_trim	spk2_001.wav	Да.
silero_en_not_ru	H3_trim	spk2_001.wav	now
whisper_small	H4_loudtrim+prompt	spk2_001.wav	Да.
silero_en_not_ru	H4_loudtrim+prompt	spk2_001.wav	now
whisper_small	H0_base	spk2_002.wav	Да.
silero_en_not_ru	H0_base	spk2_002.wav	no
whisper_small	H1_prompt	spk2_002.wav	Да.
silero_en_not_ru	H1_prompt	spk2_002.wav	no
whisper_small	H2_loud8db	spk2_002.wav	Да.
silero_en_not_ru	H2_loud8db	spk2_002.wav	no
whisper_small	H3_trim	spk2_002.wav	Да.
silero_en_not_ru	H3_trim	spk2_002.wav	now
whisper_small	H4_loudtrim+prompt	spk2_002.wav	Да.
silero_en_not_ru	H4_loudtrim+prompt	spk2_002.wav	now
whisper_small	H0_base	spk3_001.wav	Да
silero_en_not_ru	H0_base	spk3_001.wav	the
whisper_small	H1_prompt	spk3_001.wav	Да
silero_en_not_ru	H1_prompt	spk3_001.wav	the
whisper_small	H2_loud8db	spk3_001.wav	Да
silero_en_not_ru	H2_loud8db	spk3_001.wav	the
whisper_small	H3_trim	spk3_001.wav	Да.
silero_en_not_ru	H3_trim	spk3_001.wav	
whisper_small	H4_loudtrim+prompt	spk3_001.wav	да
silero_en_not_ru	H4_loudtrim+prompt	spk3_001.wav	
whisper_small	H0_base	spk3_002.wav	Хорошо.
silero_en_not_ru	H0_base	spk3_002.wav	canero
whisper_small	H1_prompt	spk3_002.wav	Хорошо.
silero_en_not_ru	H1_prompt	spk3_002.wav	canero
whisper_small	H2_loud8db	spk3_002.wav	Хорошо.
silero_en_not_ru	H2_loud8db	spk3_002.wav	caneso
whisper_small	H3_trim	spk3_002.wav	Хорошо.
silero_en_not_ru	H3_trim	spk3_002.wav	i
whisper_small	H4_loudtrim+prompt	spk3_002.wav	Хорошо.
silero_en_not_ru	H4_loudtrim+prompt	spk3_002.wav	i
whisper_small	H0_base	spk3_003.wav	Согласен.
silero_en_not_ru	H0_base	spk3_003.wav	lesson
whisper_small	H1_prompt	spk3_003.wav	Согласен.
silero_en_not_ru	H1_prompt	spk3_003.wav	lesson
whisper_small	H2_loud8db	spk3_003.wav	Согласен.
silero_en_not_ru	H2_loud8db	spk3_003.wav	lesson
whisper_small	H3_trim	spk3_003.wav	Я согласен.
silero_en_not_ru	H3_trim	spk3_003.wav	en
whisper_small	H4_loudtrim+prompt	spk3_003.wav	Я согласен.
silero_en_not_ru	H4_loudtrim+prompt	spk3_003.wav	lesson
whisper_small	H0_base	spk3_004.wav	
silero_en_not_ru	H0_base	spk3_004.wav	
whisper_small	H1_prompt	spk3_004.wav	
silero_en_not_ru	H1_prompt	spk3_004.wav	
whisper_small	H2_loud8db	spk3_004.wav	
silero_en_not_ru	H2_loud8db	spk3_004.wav	
whisper_small	H3_trim	spk3_004.wav	Субтитры субтитров А.Семкин
silero_en_not_ru	H3_trim	spk3_004.wav	
whisper_small	H4_loudtrim+prompt	spk3_004.wav	Подписывайтесь на наш канал и подписывайтесь на наш канал.
silero_en_not_ru	H4_loudtrim+prompt	spk3_004.wav	
